{
    "robot0:palm": [],
    "robot0:ffknuckle_child": [],
    "robot0:ffproximal_child": [0, 0, 0.024],
    "robot0:ffmiddle_child": [[0, 0, 0], [0, 0, 0.025]],
    "robot0:ffdistal_child": [0, 0, 0.024],
    "robot0:mfknuckle_child": [],
    "robot0:mfproximal_child": [0, 0, 0.024], 
    "robot0:mfmiddle_child": [[0, 0, 0], [0, 0, 0.025]],
    "robot0:mfdistal_child": [0, 0, 0.024],
    "robot0:rfknuckle_child": [],
    "robot0:rfproximal_child": [0, 0, 0.024], 
    "robot0:rfmiddle_child": [[0, 0, 0], [0, 0, 0.025]],
    "robot0:rfdistal_child": [0, 0, 0.024],
    "robot0:lfmetacarpal_child": [],
    "robot0:lfknuckle_child": [],
    "robot0:lfproximal_child": [0, 0, 0.024],
    "robot0:lfmiddle_child": [[0, 0, 0], [0, 0, 0.025]],
    "robot0:lfdistal_child": [0, 0, 0.024],
    "robot0:thbase_child": [], 
    "robot0:thproximal_child": [0, 0, 0.038], 
    "robot0:thhub_child": [],
    "robot0:thmiddle_child": [0, 0, 0.032], 
    "robot0:thdistal_child": [0, 0, 0.026]
}